id,name,nature,culture,entertainment,food,activity,tags,latitude,longitude,image_url,district
1,藤枝國家森林遊樂區,1,0.2,0.1,0.1,0.9,"風景,戶外運動,登山",23.06783909,120.7547119,https://taiwan.sharelife.tw/tw-news-img/61749/bd54271221333916.jpg,桃源區
2,中都愛河濕地公園,0.9,0.3,0.2,0.1,0.6,"風景,親子,戶外運動",22.64649379,120.2833077,https://khh.travel/image/888/1024x768,三民區
3,檨仔林埤濕地公園,0.9,0.2,0.1,0.1,0.5,"風景,戶外運動",22.6727177,120.3270874,https://khh.travel/image/195/1024x768,三民區
4,愛河之心,0.8,0.4,0.5,0.3,0.5,"風景,打卡點,夜景",22.6526868,120.3031612,https://encrypted-tbn2.gstatic.com/images?q=tbn:ANd9GcTRhZQwQkCsN2k9fU0-8GZg1Y-OqGSA6PJZrQGCa5YM03QzDrJpYSrJKkfB7zyJ,三民區
5,中都唐榮磚窯廠,0.3,0.9,0.2,0.1,0.3,"古蹟,藝文,打卡點",22.64199044,120.2850039,https://encrypted-tbn3.gstatic.com/images?q=tbn:ANd9GcR911pdFqRc3vRa5Iro_QtEwNbYprE00Um-nDUyWYHOabgiig-Rgq4l73FM3TtB,三民區
6,新客家文化園區,0.4,0.9,0.4,0.5,0.2,"藝文,古蹟,室內",22.65031666,120.2957947,https://encrypted-tbn3.gstatic.com/images?q=tbn:ANd9GcQ0OcuISjZm_vJjDWqhPIekrXm3lHR4vhLRt3claUKgbDAYziSIVSzIxjVp7REX,三民區
7,金獅湖風景區,0.8,0.6,0.2,0.2,0.4,"風景,廟宇",22.6642336,120.3276114,https://encrypted-tbn1.gstatic.com/images?q=tbn:ANd9GcT8ykkMkb9FRBNteuCS_Qu3bb99sZrWFt2lKIShHbsSd4v5m_pbzS7a5PtxT9u9,三民區
8,彪琥台灣鞋故事館,0.1,0.6,0.8,0.2,0.3,"觀光工廠,室內,親子",22.6534888,120.3138076,https://encrypted-tbn2.gstatic.com/images?q=tbn:ANd9GcSYTROOl68_OdxXTVbQzqc8fDXV-zKz8JYT0I7bytkzf9QkA4pG6CAXLZMkNqs5,三民區
9,國定古蹟-竹仔門電廠,0.4,0.9,0.2,0.1,0.3,"古蹟,風景",22.86939693,120.5863934,https://encrypted-tbn2.gstatic.com/images?q=tbn:ANd9GcRVybWN70t98LoKQqZPAhVX6DMvAPNmULXm5ttrEp-Y72vuQXc7Q-jIHVOdHYLw,美濃區
10,佛光緣美術館,0.2,0.9,0.3,0.1,0.1,"藝文,室內,靜態",22.75226817,120.444606,https://encrypted-tbn1.gstatic.com/images?q=tbn:ANd9GcTcFd6SHfUdVCFQ6hJ67qnFSLlkIUXFpMGVDulnbns30oGwFrmn2holMQdcWp9y,大樹區
11,市定古蹟-竹寮取水站,0.5,0.9,0.1,0.1,0.3,"古蹟,風景",22.66784025,120.4264137,https://data.boch.gov.tw/upload/representImageFile/2020-11-23/760b6ed8-5541-4bb7-8ffd-e384a1a85efc/DJI_0472.jpg,大樹區
12,姑婆寮莊家古厝,0.3,0.9,0.1,0.1,0.2,"古蹟,藝文",22.70982048,120.422676,https://upload.wikimedia.org/wikipedia/commons/d/d0/%E8%8E%8A%E5%AE%B6%E5%8F%A4%E5%8E%9D.jpg,大樹區
13,佛光山,0.4,1,0.3,0.4,0.4,"廟宇,風景,文化",22.75168143,120.4453029,https://khh.travel/Image/18449/?r=1586426945194,大樹區
14,東照山關帝廟,0.5,1,0.1,0.1,0.3,"廟宇,風景",22.69405417,120.3935889,https://www.djsm.org/Uploads/ClinicAd/436d220b-2af6-4e29-8d94-c5c84783ec3c.jpg,大樹區
15,臺灣天壇,0.6,1,0.1,0.1,0.3,"廟宇,風景",22.7719654,120.446581,https://pic.pimg.tw/whuy123/1535352418-2233990077.jpg,大樹區
16,信誼高爾夫球場,0.9,0.1,0.6,0.4,0.8,"戶外運動,娛樂",22.76575022,120.4191212,https://hsinyigolf.com.tw/images/dspace-img6.jpg,大樹區
17,觀音山高爾夫球場,0.9,0.1,0.6,0.4,0.8,"戶外運動,娛樂",22.73631731,120.402376,https://khh.travel/image/271/1024x768,大樹區
18,高雄市天文教育館,0.2,0.8,0.6,0.1,0.2,"親子,室內,藝文",22.5687151,120.3371951,https://khh.travel/image/896/1920x1080,小港區
19,凝聚的綠寶石-R4高雄國際機場站,0.1,0.6,0.4,0.1,0.1,"打卡點,室內,藝文",22.57008692,120.3417419,https://skykaohsiung.taiwan-city.com/traveltakao/KMRT/Z054.jpg,小港區
20,九番埤濕地公園,0.9,0.2,0.1,0.1,0.5,"風景,戶外運動",22.68577963,120.3248604,https://khh.travel/image/273/1024x768,仁武區
21,洪家古厝,0.3,0.9,0.1,0.1,0.2,古蹟,22.95341,120.45893,https://khh.travel/image/281/1024x768,內門區
22,雁門煙雨,0.8,0.7,0.1,0.1,0.4,"古蹟,風景",22.91956,120.42712,https://networkwatcherrgvnetdiag.blob.core.windows.net/gds-blob/production/products/5b218be5-3599-45f5-b6fa-1099a3a1bb69/1.jpg,內門區
23,不老溫泉區,0.9,0.3,0.7,0.5,0.3,"風景,娛樂,放鬆",23.06606,120.68505,https://encrypted-tbn0.gstatic.com/images?q=tbn:ANd9GcQPIl1a-YuOoUQYEYl-U-squd5-G55ttotxLA&s,六龜區
24,薛家古厝,0.3,0.9,0.1,0.1,0.2,古蹟,22.68580448,120.2877741,https://khh.travel/image/295/1024x768,左營區
25,洲仔濕地公園,1,0.2,0.1,0.1,0.5,"風景,戶外運動",22.68061834,120.29816,https://khh.travel/image/34239/1920x1080,左營區
26,原生植物園,1,0.3,0.2,0.1,0.5,"風景,親子",22.68058934,120.3012044,https://khh.travel/image/316/1024x768,左營區
27,左營聖女小德蘭堂,0.2,0.9,0.1,0.1,0.1,"廟宇,藝文",22.68338828,120.2882435,https://khh.travel/image/323/1024x768,左營區
28,高雄巨蛋,0.1,0.4,0.9,0.8,0.3,"購物,娛樂,室內,美食",22.66889515,120.302715,https://www.kaoarena.com.tw/Uploads/Document/22/638567224317863273.jpg,左營區
29,蓮潭滑水主題樂園,0.7,0.2,0.9,0.3,0.9,"娛樂,戶外運動,水上",22.67867438,120.2952096,https://khh.travel/image/20460/1920x1080,左營區
30,田寮冷泉區,0.8,0.3,0.7,0.5,0.3,"風景,娛樂,放鬆",22.87500629,120.3576605,https://dynamic-media-cdn.tripadvisor.com/media/photo-o/0b/a7/39/b0/caption.jpg?w=900&h=-1&s=1,田寮區
31,大崗山高爾夫球場,0.9,0.1,0.6,0.4,0.8,"戶外運動,娛樂",22.89262543,120.37142,https://lh6.googleusercontent.com/proxy/tKrPHeon9EYGJow0pCInREK-Qw06ACB16OQjQq3Se6HD_0QGIPigtmGL1oZvOvXQvNniNixsBcymDUA2c9X0uRc,田寮區
32,甲仙化石館,0.3,0.8,0.4,0.2,0.2,"藝文,親子,室內",23.09225943,120.5882667,https://www.merit-times.com/newsimport/%E7%A6%8F%E5%A0%B1%E9%9B%BB%E5%AD%90%E5%A0%B120200803061001/images/1423159_1009199.webp,甲仙區
33,六義山登山步道,1,0.2,0.1,0.1,0.9,"風景,戶外運動,登山",23.09470006,120.5758787,https://cdntwrunning.biji.co/600_474992bb2acf97062b343cc071be573e.jpg,甲仙區
34,小林村紀念公園,0.6,0.9,0.1,0.1,0.3,"古蹟,風景",23.15425644,120.640193,https://khh.travel/image/50450/1920x1080,甲仙區
35,甲仙大橋,0.5,0.4,0.3,0.2,0.3,"打卡點,風景",23.08065627,120.5848374,https://khh.travel/image/50371/1920x1080,甲仙區
36,甲仙形象商圈,0.2,0.5,0.7,0.9,0.4,"美食,購物,商圈",23.08147559,120.587179,https://khh.travel/image/50375/1920x1080,甲仙區
37,陳家友善香草園,0.8,0.3,0.5,0.4,0.4,"風景,親子,體驗",23.08704162,120.5896743,https://khh.travel/image/916/1024x768,甲仙區
38,錫安山,0.8,0.8,0.2,0.2,0.4,"風景,廟宇,文化",23.20369,120.66703,https://dynamic-media-cdn.tripadvisor.com/media/photo-o/0c/a8/41/f4/caption.jpg?w=1200&h=-1&s=1,那瑪夏區
39,岡山文化中心,0.2,0.9,0.3,0.1,0.1,"藝文,室內,靜態",22.78304983,120.2986429,https://filmkh.org/upload/scene/122_sp_1713.jpg,岡山區
40,空軍軍史館,0.2,0.9,0.4,0.1,0.2,"藝文,古蹟,室內",22.78482954,120.2726035,https://khh.travel/content/images/Attractions/19996/480x360_attractions-image-lz-3qzg_vkubrcfbjpwcra.jpg,岡山區
41,高雄市皮影戲館,0.2,0.9,0.5,0.1,0.2,"藝文,親子,室內",22.78270117,120.2984371,https://images.chinatimes.com/newsphoto/2025-07-03/1024/20250703003432.jpg,岡山區
42,岡山公園,0.8,0.4,0.3,0.2,0.4,"風景,親子",22.79701364,120.2920092,https://khh.travel/image/950/1024x768,岡山區
43,台灣滷味博物館,0.1,0.6,0.7,0.9,0.2,"觀光工廠,美食,室內",22.81758193,120.2673537,https://museum.de-food.com.tw/upload/head/20210112023240.jpg,岡山區
44,高雄市漁業文化館,0.2,0.8,0.4,0.3,0.2,"藝文,室內,文化",22.57230518,120.316763,https://khh.travel/image/970/1024x768,前鎮區
45,高雄市立圖書館總館,0.1,0.9,0.4,0.2,0.1,"藝文,室內,打卡點",22.61047349,120.3017774,https://cdn2.ettoday.net/images/4513/d4513424.jpg,前鎮區
46,高雄展覽館,0.2,0.6,0.7,0.3,0.2,"藝文,室內,會展",22.60785417,120.2983104,https://photo.travelking.com.tw/scenery/D4972085-CE8C-4BE1-A6F3-9F74C5C813AA_e.jpg,前鎮區
47,前鎮漁港,0.5,0.5,0.4,0.9,0.3,"美食,風景,海鮮",22.57041293,120.3152227,https://images.agriharvest.tw/wp-content/uploads/2024/01/1-4-1024x683.jpg,前鎮區
48,前鎮之星,0.4,0.3,0.4,0.1,0.6,"打卡點,戶外運動,自行車",22.59523115,120.3152788,https://takao.kcg.gov.tw/public/article/a0/502/atl_m_502_20231012113116_183.jpg,前鎮區
49,珍芳烏魚子見學工廠,0.1,0.6,0.7,0.9,0.3,"觀光工廠,美食,體驗",22.58256932,120.3127134,"https://res.klook.com/images/fl_lossy.progressive,q_65/c_fill,w_1295,h_971/w_80,x_15,y_15,g_south_west,l_Klook_water_br_trans_yhcmh3/activities/jn0yggaxwssqle9ozasj/%E9%AB%98%E9%9B%84%EF%BD%9C%E7%8F%8D%E8%8A%B3%E7%83%8F%E9%AD%9A%E5%AD%90%E8%A6%8B%E5%AD%B8%E5%B7%A5%E5%BB%A0%EF%BD%9C%E9%96%80%E7%A5%A8%E3%83%BBDIY%E9%AB%94%E9%A9%97%EF%BD%9C%E9%9C%80%E9%9B%BB%E8%A9%B1%E9%A0%90%E7%B4%84.jpg",前鎮區
50,創藝所在-R7獅甲站,0.1,0.8,0.5,0.2,0.2,"藝文,室內,打卡點",22.60767369,120.309732,https://pic.pimg.tw/ksdelicacy/1425136108-4162880717.jpg,前鎮區
51,美濃窯,0.2,0.9,0.5,0.2,0.3,"藝文,體驗,文化",22.9051147,120.522969,https://khh.travel/image/1456/1024x768,美濃區
52,曾文忠美術館,0.2,0.9,0.3,0.1,0.1,"藝文,室內,靜態",22.89877,120.5448,https://khh.travel/image/1449/1024x768,美濃區
53,永安老街,0.3,0.9,0.6,0.8,0.4,"古蹟,美食,老街",22.89949297,120.5418008,https://www.settour.com.tw/ss_img/info/location/KHH/H0/KHH0000140/KHH0000140_84768.jpg,美濃區
54,美濃敬字亭,0.3,1,0.1,0.1,0.2,"古蹟,文化",22.90226401,120.5339222,https://www.merit-times.com.tw/news_pic/20220828/808228-AA4.JPG,美濃區
55,美濃原鄉緣紙傘文化村,0.4,0.9,0.6,0.4,0.4,"藝文,體驗,親子",22.88272846,120.5471769,https://cdn2.ettoday.net/images/4859/d4859954.jpg,美濃區
56,自來水公園,0.7,0.4,0.3,0.1,0.3,"打卡點,風景",22.62716018,120.314959,https://www-ws.gov.taipei/001/Upload/public/MMO/%E5%8F%B0%E5%8C%97%E8%87%AA%E4%BE%86%E4%BA%8B%E6%A5%AD%E8%99%95/%E6%B0%B4%E9%84%89%E5%BA%AD%E5%9C%92_003.jpg,苓雅區
57,光榮碼頭,0.8,0.3,0.5,0.2,0.4,"風景,海邊,打卡點",22.61667528,120.2924241,https://www.taiwan.net.tw/att/1/big_scenic_spots/pic_A12-00072_2.jpg,苓雅區
58,陳中和紀念館,0.3,0.9,0.2,0.1,0.2,"古蹟,藝文,室內",22.6134753,120.2955462,https://data.boch.gov.tw/upload/representImageFile/2020-11-27/4b9aaf16-ff92-4abe-a270-e83fb249c20a/DJI_0452-1.jpg,苓雅區
59,高雄清真寺,0.2,1,0.1,0.1,0.2,"廟宇,文化",22.62802259,120.3420062,https://khh.travel/Image/49661/?r=1704855207408,苓雅區
60,高雄關帝廟(武廟),0.2,1,0.2,0.3,0.2,"廟宇,文化",22.63066926,120.3316237,https://khh.travel/image/378/1024x768,苓雅區
61,多納高吊橋,0.9,0.3,0.3,0.1,0.6,"風景,戶外運動,打卡點",22.91408897,120.6891925,https://www.maolin-nsa.gov.tw/_api/content/images/attractions/34523/1024x768_attractions-image-5eeskm89nugqpndgds64qg.jpg,茂林區
62,得樂日嘎橋,0.8,0.2,0.2,0.1,0.4,"風景,打卡點",22.88339276,120.6542843,https://upload.wikimedia.org/wikipedia/commons/d/d5/DelerigaBridge.jpg,茂林區
63,多納部落,0.8,0.9,0.4,0.5,0.5,"文化,風景,原住民",22.91104,120.71591,https://www.maolin-nsa.gov.tw/_api/content/images/tours/56433/1024x768_tours-image-ixmia2c6kekgljcbgpkbza.jpg,茂林區
64,白雲寺,0.6,0.9,0.1,0.1,0.3,"廟宇,風景",22.90954215,120.1830188,https://crgis.rchss.sinica.edu.tw/temples/KaohsiungCity/chieding/121503-BYS/767d96f25bfa5edf8c8c.jpg/@@images/4ed48084-4486-4749-ab56-0f0989ac6b4e.jpeg,茄萣區
65,梅山遊客中心,0.7,0.5,0.4,0.3,0.3,"風景,旅遊服務",23.26335162,120.8259608,https://khh.travel/image/42832/1920x1080,桃源區
66,同安張家古厝,0.3,0.9,0.1,0.1,0.2,古蹟,22.75227879,120.26722,https://khh.travel/image/1052/1024x768,梓官區
67,紅樹林茄苳溪保護區,1,0.2,0.1,0.1,0.4,"風景,生態",22.73014484,120.2703939,https://khh.travel/image/1060/1024x768,梓官區
68,摩登高雄-R9中央公園站,0.5,0.6,0.6,0.4,0.3,"打卡點,購物,鐵道",22.62473209,120.299454,https://dynamic-media-cdn.tripadvisor.com/media/photo-o/1d/a9/2e/11/caption.jpg?w=900&h=500&s=1,前金區
69,空中的雨林-R17世運站,0.4,0.5,0.4,0.1,0.3,"打卡點,鐵道",22.70188757,120.30248,https://khh.travel/image/163/1024x768,楠梓區
70,右昌森林公園,0.9,0.2,0.3,0.1,0.5,"風景,親子,戶外運動",22.71978678,120.2937249,https://orgws.kcg.gov.tw/001/KcgOrgUploadFiles/466/relpic/78113/346558/51794b9e-d475-4144-a16e-f4546ec58c10.jpg,楠梓區
71,高雄市立美術館,0.7,0.9,0.4,0.2,0.3,"藝文,風景,室內",22.65665614,120.2865079,https://museums.moc.gov.tw/Upload/FrontPhoto/77022dec-8ae9-4563-bd0a-41df98bab632.jpg,鼓山區
72,高雄港,0.9,0.5,0.6,0.4,0.4,"風景,海邊",22.59886137,120.2883384,https://cdn-smiletaiwan.cw.com.tw/article/202312/article-657954302c9d5.jpg,鼓山區
73,西子灣蔣介石行館,0.7,0.9,0.3,0.2,0.3,"古蹟,風景",22.62720718,120.2646685,https://img.ltn.com.tw/Upload/news/600/2024/02/06/4574221_2_1.jpg,鼓山區
74,忠烈祠,0.8,0.9,0.3,0.1,0.4,"古蹟,風景,打卡點",22.62642144,120.2737821,https://upload.wikimedia.org/wikipedia/commons/6/6e/Martyrs%27_Shrine%2C_Kaohsiung.jpg,鼓山區
75,內惟埤文化園區,0.8,0.8,0.4,0.2,0.4,"風景,藝文,親子",22.65825115,120.2850345,https://takao.kcg.gov.tw/public/article/a0/3655/atl_3655_20250731103850_578.jpg,鼓山區
76,壽山國家自然公園,1,0.4,0.2,0.1,0.8,"風景,戶外運動,登山",22.62611956,120.272481,https://ws.moi.gov.tw/001/Upload/OldFile_SNNP/Photo/%E9%A6%96%E9%A0%81%E5%BB%A3%E5%91%8A/202004171515_239694.jpg,鼓山區
77,十八王公廟,0.6,1,0.2,0.2,0.4,"廟宇,風景",22.61924489,120.2670034,https://khh.travel/image/35/1024x768,鼓山區
78,高雄哈瑪星代天宮,0.3,1,0.3,0.6,0.3,"廟宇,美食",22.62254022,120.2711773,https://cdn-smiletaiwan.cw.com.tw/article/201904/article-5cc67d4e904e7.jpg,鼓山區
79,旗山碾米廠,0.3,0.9,0.4,0.2,0.3,"古蹟,文化",22.88402101,120.4816444,https://heritage.kcg.gov.tw/UploadPlugin?file=ZjqDcCG8CfOT01YvNKRoct0y8ZG6JU37Mtp74NVjRWSzgPFOziQDR6R0HxUsH%2F9m3d6kz3tHGFjzJWDq%2FOH7zA%3D%3D,旗山區
80,旗山武德殿,0.3,0.9,0.3,0.1,0.2,"古蹟,藝文",22.8879713,120.480315,https://khh.travel/image/18444/640x480,旗山區
81,鼓山公園,0.8,0.5,0.2,0.1,0.5,"風景,古蹟",22.88987681,120.4753398,https://khh.travel/image/1064/1024x768,旗山區
82,市定古蹟-旗山國小,0.3,0.9,0.2,0.1,0.2,古蹟,22.88833932,120.4808224,https://data.boch.gov.tw/upload/representImageFile/2020-11-24/9acb1723-1c33-49a9-8de7-1f2ffde008c3/%E6%97%97%E5%B1%B1%E5%9C%8B%E5%B0%8F.jpg,旗山區
83,旗山孔廟,0.6,1,0.2,0.1,0.4,"廟宇,古蹟,風景",22.88885801,120.4762043,https://khh.travel/image/1083/1024x768,旗山區
84,地景橋,0.7,0.3,0.3,0.1,0.4,"風景,打卡點",22.88433123,120.4856682,https://khh.travel/image/1466/1024x768,旗山區
85,聖若瑟天主堂,0.3,1,0.2,0.1,0.2,"廟宇,古蹟",22.88486749,120.4789817,https://tournews.tw/wp-content/uploads/2023/12/2O9A4515.jpg,旗山區
86,旗山橋,0.6,0.3,0.2,0.1,0.3,風景,22.88178418,120.487548,https://khh.travel/image/20415/1920x1080,旗山區
87,旗糖農創園區,0.6,0.7,0.8,0.6,0.5,"文創,親子,娛樂",22.87889829,120.492234,https://khh.travel/image/55760/1920x1080,旗山區
88,勞動女性紀念公園,0.5,0.8,0.1,0.1,0.3,"古蹟,風景",22.59445802,120.2811245,https://www.vrwalker.net/public/sceneryfiles/65/372.jpg,旗津區
89,戰爭與和平紀念公園,0.5,0.9,0.2,0.1,0.3,"古蹟,藝文",22.59118629,120.2828156,https://khcc.kcg.gov.tw/PhotoData/PIC980703_1.JPG,旗津區
90,旗津星空隧道,0.7,0.4,0.6,0.2,0.4,"打卡點,風景,海邊",22.61287718,120.2641033,https://khh.travel/image/42866/1920x1080,旗津區
91,旗津觀光漁港,0.7,0.4,0.6,0.9,0.4,"美食,海鮮,海邊",22.59074317,120.2869364,https://khh.travel/image/1116/480x360,旗津區
92,高雄燈塔,0.8,0.9,0.4,0.2,0.5,"古蹟,風景,打卡點",22.61558843,120.2650691,https://www.taiwan.net.tw/att/1/big_scenic_spots/pic_A12-00183_4.jpg,旗津區
93,旗後教會,0.3,0.9,0.2,0.1,0.2,"廟宇,古蹟",22.61195509,120.2676349,https://upload.wikimedia.org/wikipedia/commons/c/c5/%E8%87%BA%E7%81%A3%E5%9F%BA%E7%9D%A3%E9%95%B7%E8%80%81%E6%95%99%E6%9C%83%E6%97%97%E5%BE%8C%E6%95%99%E6%9C%83-01.jpg,旗津區
94,旗津天后宮,0.3,1,0.3,0.5,0.3,"廟宇,美食",22.61336697,120.2683623,https://khh.travel/image/1132/1024x768,旗津區
95,海軍明德訓練班,0.4,0.9,0.2,0.1,0.3,"古蹟,文化",22.63007924,120.3740478,https://khh.travel/image/20042/1920x1080,鳳山區
96,陸軍官校,0.3,0.9,0.2,0.1,0.2,"古蹟,文化",22.6193001,120.3658591,https://www.rocma.edu.tw/uploads/a96417f4-8142-4593-b825-c3534c1cea43-%E8%A1%8C%E6%94%BF%E5%96%AE%E4%BD%8D.png,鳳山區
97,鳳山天公廟,0.2,1,0.2,0.2,0.2,"廟宇,文化",22.62508972,120.3597646,https://khh.travel/image/46/1024x768,鳳山區
98,鳳山仙公廟,0.2,1,0.2,0.2,0.2,"廟宇,文化",22.61593055,120.3555754,https://khh.travel/image/47/1024x768,鳳山區
99,鳳山基督長老教會,0.2,0.9,0.2,0.1,0.2,"廟宇,古蹟",22.6284884,120.3606465,https://khh.travel/image/50/1024x768,鳳山區
100,大東文化藝術中心,0.6,0.9,0.6,0.4,0.4,"藝文,打卡點,親子",22.62497143,120.3634878,https://khh.travel/image/20412/1920x1080,鳳山區
101,天工開物-R23橋頭火車站,0.2,0.7,0.3,0.2,0.2,"藝文,打卡點",22.76024695,120.3109769,https://khh.travel/image/172/1024x768,橋頭區
102,橋頭老街,0.3,0.8,0.5,0.8,0.4,"老街,美食,古蹟",22.75643253,120.3116452,https://khh.travel/image/50426/1920x1080,橋頭區
103,橋頭白樹彩繪村,0.4,0.7,0.4,0.1,0.3,"打卡點,藝文",22.75988,120.30386,https://khh.travel/image/1143/1024x768,橋頭區
104,臺糖花卉農園中心,0.9,0.4,0.6,0.5,0.5,"親子,烤肉,戶外運動",22.74116955,120.3248641,https://www.taisugar.com.tw/upload/RelPic/Attractions/31/636586977889593461.jpg,橋頭區
105,太陽谷,1,0.2,0.1,0.1,0.7,"風景,地質",22.80378,120.40708,https://openmuseum.tw/muse_download/892de749bb20ef812a4fe312b57d744c?download=1,燕巢區
106,烏山頂泥火山,1,0.3,0.2,0.1,0.6,"風景,生態,地質",22.79604696,120.4059575,https://conservation.forest.gov.tw/Attachments/ArticlePictures/110000121/thumb/%E6%B3%A5%E7%81%AB%E5%B1%B1%E5%99%B4%E5%87%BAABA_4440_110000121.jpg,燕巢區
107,燕巢雞冠山,1,0.2,0.1,0.1,0.8,"風景,登山",22.80705549,120.3958797,https://www.vrwalker.net/public/sceneryfiles/45/214.jpg,燕巢區
108,南寮漁港,0.8,0.4,0.5,0.9,0.4,"美食,海鮮,海邊",22.76176893,120.2345875,https://image.cdn-eztravel.com.tw/6dgGgWBaCrbAQLmmdZEpRU60AOYqyrNsRby6nR2v3dA/g:ce/aHR0cHM6Ly92YWNhdGlvbi5jZG4tZXp0cmF2ZWwuY29tLnR3L2ltZy9WRFIvSFNaXzE2NTMwNjk4MTcuanBn.jpg,彌陀區
109,漯底山自然公園,1,0.4,0.3,0.1,0.7,"風景,戶外運動,泥火山",22.7709714,120.2531081,https://kaohsiung.fun-taiwan.com/Images/PlayNotes/116626-S20150422031600.jpg,彌陀區
110,高雄市音樂館,0.3,0.9,0.5,0.2,0.2,"藝文,室內,音樂",22.6275208,120.2866369,https://art-garden.khcc.gov.tw/files/space/w640/951446307168b5664256783.jpg,鹽埕區
111,市民廣場,0.6,0.3,0.4,0.3,0.4,"風景,活動",22.62557,120.28558,https://khh.travel/image/1188/1024x768,鹽埕區
112,興達港情人碼頭,0.9,0.3,0.6,0.8,0.5,"風景,海邊,美食",22.86884288,120.1934185,https://theme.maolin-nsa.gov.tw/DMO/att/pic//03006252.jpg,茄萣區
113,蚵子寮漁港,0.8,0.4,0.5,0.9,0.4,"美食,海鮮,海邊",22.72666683,120.2546741,https://khh.travel/image/55731/1920x1080,梓官區
114,澄清湖風景區,1,0.5,0.4,0.2,0.7,"風景,戶外運動,親子",22.6603551,120.3537978,https://khh.travel/image/18659/1920x1080,鳥松區
115,舊鐵橋濕地教育園區,0.9,0.8,0.5,0.3,0.5,"風景,古蹟,打卡點",22.66230956,120.426989,https://khh.travel/image/37575/1920x1080,大樹區
116,鳳山縣舊城,0.4,1,0.2,0.2,0.4,"古蹟,歷史",22.68025,120.29053,https://data.boch.gov.tw/upload/representImageFile/2020-11-23/36d04b34-4916-4ec8-a3ab-9e0c1f0bd9ba/A7_02106-1.jpg,左營區
117,大崗山風景區,1,0.6,0.3,0.4,0.8,"風景,登山,廟宇",22.85971281,120.344969,https://khh.travel/image/37239/1024x768,阿蓮區
118,石頭廟,0.4,1,0.3,0.3,0.3,"廟宇,特色建築",22.83550305,120.3859413,https://khh.travel/image/43508/1920x1080,田寮區
119,大寮包公廟,0.3,1,0.2,0.2,0.2,廟宇,22.58923507,120.410965,https://khh.travel/image/81/1024x768,大寮區
120,高雄市立電影館,0.3,0.9,0.6,0.2,0.1,"藝文,室內,電影",22.62248517,120.2889255,https://www.taiwan.net.tw/att/1/big_scenic_spots/pic_9284.jpg,鹽埕區
121,美濃客家文物館,0.4,0.9,0.4,0.2,0.3,"藝文,文化,親子",22.91100589,120.5575595,https://orgws.kcg.gov.tw/Download.ashx?u=LzAwMS9LY2dPcmdVcGxvYWRGaWxlcy8zODEvY2tmaWxlL2Q2MjQ4ZDdjLTI4YWItNDE4NS1hYjkyLWFmNzAwY2I5YjA3OUAxMDI0eDc2OC5qcGc%3D&n=YWFhLmpwZw%3D%3D&Icon=.jpg,美濃區
122,內門紫竹寺,0.4,1,0.3,0.3,0.3,"廟宇,文化",22.91718212,120.4550313,https://khh.travel/image/37247/1920x1080,內門區
123,大東濕地公園,0.9,0.3,0.3,0.2,0.5,"風景,打卡點,親子",22.62826788,120.3646896,https://takao.kcg.gov.tw/public/article/a0/383/atl_383_20200309152647_337.jpg,鳳山區
124,鳳山龍山寺,0.2,1,0.2,0.3,0.2,"廟宇,古蹟",22.62074856,120.3619831,https://upload.wikimedia.org/wikipedia/commons/9/95/%E9%B3%B3%E5%B1%B1%E9%BE%8D%E5%B1%B1%E5%AF%BA2022%E5%B9%B4.jpg,鳳山區
125,觀音湖,0.9,0.2,0.1,0.1,0.5,"風景,戶外運動",22.70981906,120.3696686,https://img.ltn.com.tw/Upload/house/page/2025/07/17/250717-24903-1-GVRv4.jpg,仁武區
126,武德殿,0.3,0.9,0.3,0.1,0.2,"古蹟,藝文",22.62460554,120.27239,https://upload.wikimedia.org/wikipedia/commons/c/ca/%E5%BF%A0%E7%BE%A9%E5%9C%8B%E5%B0%8F%E7%A6%AE%E5%A0%82%E5%8E%9F%E6%AD%A6%E5%BE%B7%E6%AE%BF.jpg,鼓山區
127,旗山老街,0.3,0.8,0.6,0.9,0.5,"美食,老街,購物",22.88458868,120.4819741,https://khh.travel/image/55753/1920x1080,旗山區
128,半屏山自然公園,1,0.3,0.2,0.1,0.8,"風景,登山,戶外運動",22.69839599,120.3100676,https://e-info.org.tw/sites/default/files/styles/article_list/public/49545392953_1b6e18fd87_b.jpg?itok=mxjOTtH8,左營區
129,光之穹頂,0.1,0.8,0.5,0.3,0.2,"打卡點,藝文,室內",22.63167557,120.301914,https://www.taiwan.net.tw/att/1/big_scenic_spots/pic_A12-00074.jpg,新興區
130,美濃民俗村,0.5,0.8,0.7,0.6,0.4,"文化,購物,親子",22.89313826,120.5139756,https://khh.travel/image/20143/1024x768,美濃區
131,田寮月世界,1,0.4,0.3,0.3,0.7,"風景,地質,打卡點",22.88584873,120.3899604,https://khh.travel/image/18407/1920x1080,田寮區
132,國家體育場,0.6,0.4,0.5,0.2,0.7,"戶外運動,建築",22.70311647,120.2944654,https://upload.wikimedia.org/wikipedia/commons/c/ca/World_Games_Stadium_and_National_Sports_Training_Center_2022_02.jpg,左營區
133,西子灣風景區,1,0.6,0.5,0.4,0.5,"風景,海邊,夕陽",22.61804903,120.2662611,https://khh.travel/image/20097/1920x1080,鼓山區
134,內門308高地,0.9,0.2,0.3,0.7,0.5,"風景,美食,景觀餐廳",22.97741,120.44242,https://khh.travel/image/43423/1920x1080,內門區
135,訓風砲台,0.4,0.9,0.2,0.1,0.3,古蹟,22.61983842,120.3619256,https://khh.travel/image/20022/1024x768,鳳山區
136,台糖鳳山園藝休閒廣場,0.7,0.3,0.6,0.5,0.5,"親子,娛樂,花市",22.61469,120.35843,https://khh.travel/image/56/1024x768,鳳山區
137,木柵吊橋＆木柵教會,0.7,0.8,0.2,0.1,0.4,"風景,廟宇",22.98097455,120.4714797,https://khh.travel/image/43356/1920x1080,內門區
138,鳳儀書院,0.3,1,0.5,0.2,0.3,"古蹟,打卡點,親子",22.62773754,120.3594846,https://upload.wikimedia.org/wikipedia/commons/8/85/%E9%B3%B3%E5%84%80%E6%9B%B8%E9%99%A2-1.jpg,鳳山區
139,情人谷,0.9,0.2,0.2,0.1,0.6,"風景,玩水",22.87586192,120.666843,https://cdn.68maps.com/xiaofei/undefined-1rQCFYlJa5xAT3GeFxuhdULKEIS.jpg,茂林區
140,清水巖風景區,0.8,0.9,0.2,0.1,0.5,"風景,廟宇,登山",22.5234352,120.3905543,https://khh.travel/image/37598/1920x1080,林園區
141,新光碼頭,0.8,0.3,0.5,0.3,0.5,"風景,海邊,親子",22.60891926,120.2965699,https://travel-tw.line-scdn.net/r/travel/content/3233e39a-ee5c-433c-a6d3-df5106826652t0cbb3d46,苓雅區
142,孔廟,0.5,1,0.2,0.1,0.3,"廟宇,古蹟,風景",22.68933251,120.2987931,https://img.ltn.com.tw/Upload/news/600/2025/03/10/4975394_1_1.jpg,左營區
143,衛武營國家藝術文化中心,0.7,1,0.6,0.4,0.4,"藝文,打卡點,親子",22.62299862,120.342437,https://khh.travel/image/34412/1920x1080,鳳山區
144,三和瓦窯,0.3,0.9,0.4,0.2,0.3,"古蹟,文創,體驗",22.66329825,120.426875,https://upload.wikimedia.org/wikipedia/commons/f/fa/%E4%B8%89%E5%92%8C%E7%93%A6%E7%AA%AF.JPG,大樹區
145,十八羅漢山風景區,1,0.3,0.2,0.1,0.6,"風景,地質",22.94438084,120.6345833,https://khh.travel/image/37603/1920x1080,六龜區
146,妙崇寺,0.5,1,0.1,0.1,0.3,"廟宇,風景",23.01072623,120.6692065,https://www.maolin-nsa.gov.tw/_api/content/images/attractions/55304/1024x768_attractions-image-hwk-zcppakecoicxkd5eoa.jpg,六龜區
147,寶來妙通寺,0.6,1,0.1,0.1,0.3,"廟宇,風景",23.10079158,120.6856296,https://www.maolin-nsa.gov.tw/_api/content/images/attractions/55289/1024x768_attractions-image-01l_ngg_c064jwlvtapl2q.jpg,六龜區
148,那瑪夏民權國小,0.7,0.8,0.2,0.1,0.3,"建築,風景,打卡點",23.2487372,120.702865,https://www.delta-foundation.org.tw/upload/care/201909191646116849.jpg?w=500,那瑪夏區
149,援中港生態濕地公園,1,0.3,0.2,0.1,0.5,"風景,生態",22.7209913,120.2587512,https://khh.travel/image/545/1024x768,楠梓區
150,寶來溫泉區,0.9,0.3,0.8,0.6,0.4,"溫泉,放鬆,度假",23.1054,120.7013,https://khh.travel/image/20494/1024x768,六龜區
151,哨船頭山碉堡,0.6,0.8,0.2,0.1,0.4,"古蹟,風景",22.61933312,120.2683454,https://khh.travel/image/2000/1920x1080,鼓山區
152,裕賀牛觀光工廠,0.1,0.5,0.8,0.9,0.3,"觀光工廠,美食,牛排",22.77024558,120.383005,https://www.taiwanplace21.org.tw/factoryupload/Factory/FacImg230809052338_P0.png,燕巢區
153,壽山Love情人觀景台,0.9,0.2,0.4,0.1,0.4,"風景,打卡點,夜景",22.62542615,120.2741475,https://khh.travel/image/20091/1920x1080,鼓山區
154,高雄市文化中心,0.4,0.9,0.4,0.3,0.3,"藝文,活動,市集",22.62577764,120.3180683,https://upload.wikimedia.org/wikipedia/commons/9/9f/%E9%AB%98%E9%9B%84%E5%B8%82%E6%96%87%E5%8C%96%E4%B8%AD%E5%BF%83%E6%AD%A3%E9%96%80_20100130.jpg,苓雅區
155,壽山動物園,0.8,0.4,0.9,0.4,0.6,"親子,娛樂,動物",22.63455785,120.2751712,https://khh.travel/image/42178/1024x768,鼓山區
156,岡山228和平紀念公園,0.8,0.7,0.2,0.1,0.4,"風景,紀念",22.79777703,120.3030555,https://khh.travel/image/1292/1024x768,岡山區
157,彌陀海濱遊樂區,0.9,0.3,0.6,0.4,0.6,"海邊,親子,玩水",22.78201491,120.2253121,https://khh.travel/image/55725/1920x1080,彌陀區
158,東門樓,0.4,0.9,0.2,0.1,0.3,"古蹟,美濃",22.89567074,120.5488615,https://i.epochtimes.com/assets/uploads/2024/07/id14298797-shutterstock_2290204829.jpg,美濃區
159,東便門,0.3,0.9,0.2,0.1,0.2,古蹟,22.62146348,120.3630932,https://khh.travel/image/20026/1920x1080,鳳山區
160,統一夢時代購物中心,0.2,0.4,1,0.9,0.5,"購物,娛樂,美食,摩天輪",22.59486586,120.3057535,https://mediaim.expedia.com/destination/1/7db40e743d431b6d13cc709358282a6e.jpg,前鎮區
161,高雄文學館,0.3,0.9,0.2,0.1,0.1,"藝文,室內,閱讀",22.62550001,120.2979774,https://img.ltn.com.tw/Upload/news/600/2020/07/08/3221765_3_1.jpg,前金區
162,旗山天后宮,0.3,1,0.2,0.4,0.2,"廟宇,文化",22.88656374,120.4822922,https://www.i-mazu.org/wp-content/uploads/2021/06/1-1-scaled.jpg,旗山區
163,打狗英國領事館,0.8,1,0.4,0.5,0.4,"古蹟,風景,下午茶",22.61886715,120.2668667,https://khh.travel/image/37656/1920x1080,鼓山區
164,高雄鳳邑開漳聖王廟,0.2,1,0.2,0.2,0.2,廟宇,22.62810217,120.3520195,https://khh.travel/image/54228/1024x768,鳳山區
165,雙慈殿,0.2,1,0.2,0.2,0.2,廟宇,22.6252413,120.3578014,https://havefunday.com/wp-content/uploads/2024/06/%E9%B3%B3%E5%B1%B1%E9%9B%99%E6%85%88%E6%AE%BF%E7%94%B1%E4%BE%86-01-%E6%8E%88%E6%AC%8A%E8%80%85IG%EF%BC%9Akevin.19991023.webp,鳳山區
166,佛光山佛陀紀念館,0.5,1,0.6,0.5,0.4,"廟宇,文化,觀光",22.75494894,120.4473859,https://www.taiwan.net.tw/att/1/big_scenic_spots/pic_A12-00224_10.jpg,大樹區
167,順賢宮,0.4,1,0.2,0.2,0.3,"廟宇,風景",22.91245581,120.4704302,https://www.taiwanmazu.org/upload_files/member/tian7.jpg,內門區
168,曹公廟,0.3,1,0.2,0.1,0.2,"廟宇,古蹟",22.6278344,120.3564389,https://khh.travel/image/20031/1920x1080,鳳山區
169,茂林紫蝶幽谷,1,0.4,0.3,0.1,0.6,"風景,生態,蝴蝶",22.88765721,120.6631485,https://www.maolin-nsa.gov.tw/_api/Image/56278/?r=1725607746382,茂林區
170,茂林谷,1,0.2,0.3,0.1,0.7,"風景,玩水,瀑布",22.89138787,120.6735924,https://khh.travel/image/20281/1920x1080,茂林區
171,茂林國家風景區,1,0.5,0.4,0.2,0.8,"風景,戶外運動,原住民",22.88812,120.62001,https://www.maolin-nsa.gov.tw/_api/Image/56290/?r=1725612203034,六龜區
172,香蕉碼頭,0.6,0.7,0.6,0.8,0.4,"美食,風景,海邊",22.61852,120.27834,https://data.boch.gov.tw/upload/media/2021-02-02/f4174df9-af47-466b-85de-2014e75f9e65/A7_09602-1-1-20181019.jpg,鼓山區
173,美濃湖,0.9,0.4,0.3,0.2,0.5,"風景,環湖",22.90799697,120.5556509,https://khh.travel/image/19904/1024x768,美濃區
174,哈瑪星鐵道文化園區,0.8,0.8,0.7,0.4,0.5,"親子,風景,放風箏",22.6217097,120.2766391,https://pier2.org/upload/others/files/XQT2776.jpg,鼓山區
175,張媽媽桑椹休閒農場,0.7,0.2,0.6,0.6,0.4,"親子,體驗,採果",22.7471683,120.448125,https://khh.travel/image/601/1024x768,大樹區
176,觀音山風景區,0.9,0.4,0.3,0.4,0.8,"風景,登山",22.72964487,120.3717498,https://khh.travel/image/37378/1920x1080,大社區
177,龍目社區,0.7,0.6,0.4,0.5,0.4,"農村體驗,鳳梨",22.69094676,120.4032651,https://img.ltn.com.tw/Upload/news/600/2020/04/01/141.jpg,大樹區
178,阿公店水庫,1,0.3,0.4,0.2,0.7,"風景,自行車",22.80349932,120.3565145,https://photo.travelking.com.tw/scenery/648FFB57-92EF-4776-95B1-60EA5ED1DB4A_e.jpg,燕巢區
179,橋頭糖廠,0.7,0.9,0.7,0.8,0.5,"古蹟,親子,冰品",22.75568961,120.3142662,https://www.taisugar.com.tw/upload/RelPic/Attractions/10/637534681669040676.jpg,橋頭區
180,啟明堂,0.6,1,0.2,0.2,0.3,"廟宇,風景",22.68233261,120.292218,https://upload.wikimedia.org/wikipedia/commons/6/6e/%E5%B7%A6%E7%87%9F%E5%95%9F%E6%98%8E%E5%A0%82.jpg,左營區
181,大愛園區,0.5,0.6,0.3,0.2,0.3,"文化,社區",22.9669801,120.5435606,https://khh.travel/image/631/1024x768,杉林區
182,高雄市立歷史博物館,0.2,1,0.4,0.1,0.2,"藝文,古蹟,室內",22.62695028,120.2867987,https://data.boch.gov.tw/upload/representImageFile/2020-11-20/e1e112ca-1692-487b-91c2-d5c305a35dc2/%E5%8E%9F%E9%AB%98%E9%9B%84%E5%B8%82%E5%BD%B9%E6%89%80%EF%BC%88%E9%AB%98%E9%9B%84%E5%B8%82%E7%AB%8B%E6%AD%B7%E5%8F%B2%E5%8D%9A%E7%89%A9%E9%A4%A8%EF%BC%89.jpg,鹽埕區
183,天主教真福山社福園區,0.7,0.9,0.2,0.1,0.3,"宗教,風景",23.00489295,120.5626563,https://khh.travel/image/640/1024x768,杉林區
184,劉家百年古厝,0.3,0.9,0.1,0.1,0.2,古蹟,22.89344585,120.2181209,https://lh3.googleusercontent.com/proxy/CYloj8kqGB3wnCCCR9r4p1MOvq6rwNr2PPlxUrAdyxFFJhf1HFhTT0eeGl70p5k4uzJOv-HK8UPd,湖內區
185,黃蝶翠谷,1,0.3,0.2,0.1,0.7,"風景,生態,蝴蝶",22.93362035,120.5955427,https://khh.travel/image/1366/1024x768,美濃區
186,紅毛港文化園區,0.6,0.9,0.6,0.5,0.4,"古蹟,看船,旋轉餐廳",22.5506851,120.3179334,https://khh.travel/image/20638/1024x768,小港區
187,新威森林公園,1,0.3,0.3,0.1,0.5,"風景,桃花心木",22.89068091,120.6223301,https://www.maolin-nsa.gov.tw/_api/content/images/attractions/55689/1024x768_attractions-image-m0zent6090qcg1vz6vyphg.jpg,六龜區
188,高雄都會公園,0.9,0.2,0.3,0.1,0.6,"風景,運動,親子",22.73282318,120.3110237,https://cdntwrunning.biji.co/600_1a6aee43166a433dcb9e6b2b28d0ac62.jpg,楠梓區
189,義大世界,0.3,0.4,1,0.8,0.8,"樂園,購物,親子",22.72951027,120.4062557,https://www.edathemepark.com.tw/Content/images/index-B.jpg,大樹區
190,高屏溪斜張橋,0.7,0.3,0.3,0.5,0.3,"風景,夜景,咖啡",22.76382186,120.454403,https://upload.wikimedia.org/wikipedia/commons/e/ea/Xiezhanggqiao_Gaoxiong.jpg,大樹區
191,嗡嗡大峽谷,1,0.2,0.1,0.1,0.8,"風景,瀑布",23.20919636,120.6779745,https://khh.travel/image/21521/1024x768,那瑪夏區
192,華山殿,0.3,1,0.1,0.1,0.2,"廟宇,古蹟",22.86336703,120.2289948,https://khh.travel/content/images/Attractions/43385/480x360_attractions-image-7_rwzswhckyge_nkbtsqdw.jpg,路竹區
193,旗山車站,0.3,0.9,0.5,0.3,0.3,"古蹟,藝文,火車",22.88458633,120.4819756,https://khh.travel/image/20077/1920x1080,旗山區
194,旗津貝殼館,0.6,0.8,0.5,0.2,0.3,"藝文,海邊,室內",22.6011399,120.2742485,https://khh.travel/image/20416/1920x1080,旗津區
195,旗津風車公園,0.9,0.3,0.4,0.3,0.5,"風景,海邊,放風箏",22.58831215,120.2843378,https://khh.travel/image/20070/1920x1080,旗津區
196,鳥松濕地,1,0.3,0.2,0.1,0.5,"風景,生態",22.65269686,120.3499154,https://api.taiwantravelmap.com/Google/image/PlaceImage/12783/202510180220510.jpg,鳥松區
197,十鼓橋糖文創園區,0.5,0.9,0.8,0.5,0.6,"文創,娛樂,表演",22.75877136,120.3127827,"https://res.klook.com/images/fl_lossy.progressive,q_65/c_fill,w_1295,h_728/w_80,x_15,y_15,g_south_west,l_Klook_water_br_trans_yhcmh3/activities/doi0wi6gfjfooklvrbku/%E9%AB%98%E9%9B%84%E5%8D%81%E9%BC%93%E6%A9%8B%E7%B3%96%E6%96%87%E5%89%B5%E5%9C%92%E5%8D%80%E9%96%80%E7%A5%A8.jpg",橋頭區
198,大坪頂熱帶植物園,0.9,0.3,0.2,0.1,0.5,"風景,植物",22.5561632,120.3898759,https://khh.travel/image/131/1024x768,小港區
199,鳳山溪綠園道,0.8,0.2,0.3,0.1,0.6,"風景,自行車",22.61713,120.35957,https://khh.travel/image/1547/1024x768,鳳山區
200,澄瀾砲台,0.4,0.9,0.1,0.1,0.3,古蹟,22.62392571,120.3547226,https://khh.travel/Image/20016/?r=1590127746621,鳳山區
201,駁二藝術特區,0.5,0.9,0.9,0.6,0.5,"文創,藝文,打卡點",22.61998402,120.281526,https://upload.wikimedia.org/wikipedia/commons/4/40/LiveWarehouse_Kaohsiung.jpg,鹽埕區
202,澄清湖棒球場,0.6,0.3,0.8,0.4,0.5,"體育,看球",22.65460475,120.3590404,https://takao.kcg.gov.tw/public/article/a0/815/atl_m_815_20230913150258_767.jpg,鳥松區
203,蓮池潭風景區,0.9,0.8,0.5,0.4,0.6,"風景,廟宇,滑水",22.67869647,120.2969152,https://www.taiwan.net.tw/att/1/big_scenic_spots/pic_2149_18.jpg,左營區
204,衛武營都會公園,0.9,0.5,0.4,0.2,0.6,"風景,親子,運動",22.62045106,120.3403013,https://khh.travel/image/33942/1024x768,鳳山區
205,玫瑰聖母聖殿主教座堂,0.2,1,0.2,0.1,0.2,"廟宇,古蹟",22.62033906,120.2916702,https://live.staticflickr.com/65535/50062507632_d272aa867d_b.jpg,苓雅區
206,大崗山超峰寺,0.8,1,0.2,0.3,0.4,"廟宇,風景,夜景",22.85472905,120.3424139,https://khh.travel/image/43049/1920x1080,阿蓮區
207,諦願寺,0.7,1,0.2,0.1,0.3,"廟宇,藝術",23.01013621,120.6380488,https://www.maolin-nsa.gov.tw/_api/Image/56723/?r=1727257704728,六龜區
208,鴨母王朱一貴文化園區,0.4,0.9,0.3,0.1,0.3,"文化,歷史",22.93945735,120.4533737,https://khh.travel/image/684/1024x768,內門區
209,茂林三大名山,1,0.2,0.1,0.1,0.9,"風景,登山",22.91176,120.68753,https://khh.travel/image/21453/480x360,茂林區
210,永齡杉林有機農業園區,0.8,0.3,0.5,0.6,0.4,"農場,有機",22.97763177,120.550615,https://khh.travel/image/735/1024x768,杉林區
211,三鳳宮,0.2,1,0.2,0.2,0.2,"廟宇,文化",22.63598215,120.294026,https://www.sunfong.org.tw/upload_files/web/uploadfile/2022082315/original/220823153649720834.jpg,三民區
212,城邑左營慈濟宮,0.2,1,0.2,0.3,0.2,"廟宇,龍虎塔",22.68080197,120.2915264,https://upload.wikimedia.org/wikipedia/commons/thumb/1/16/2017-10-30_Zuoying_Ciji_Temple.jpg/1200px-2017-10-30_Zuoying_Ciji_Temple.jpg,左營區
213,愛河,0.9,0.5,0.6,0.5,0.5,"風景,遊船,夜景",22.62483,120.28904,https://kcginfo.kcg.gov.tw/Upload/epublication/2020/sk/k202002/6-1-4.jpg,前金區
214,西臨港線自行車道,0.8,0.3,0.4,0.1,0.8,"自行車,風景",22.61903,120.27674,https://takao-aws.hmgcdn.com/public/article/a0/2138/atl_2138_20240523042422_460.jpg,鼓山區
215,鳳山溪前鎮河自行車路線,0.8,0.2,0.3,0.1,0.8,"自行車,風景",22.59366,120.3172,https://khh.travel/image/770/1920x1080,前鎮區
216,茄萣漁村風情自行車路線,0.9,0.4,0.3,0.6,0.8,"自行車,海邊,美食",22.87773,120.21172,https://khh.travel/image/34240/480x360,茄萣區
217,國立科學工藝博物館,0.2,0.8,0.8,0.3,0.4,"親子,室內,科學",22.64149185,120.3225532,https://www.taiwan.net.tw/att/1/big_scenic_spots/pic_103_1.png,三民區
218,南海紫竹寺,0.4,1,0.2,0.1,0.3,"廟宇,宋江陣",22.94176289,120.4613626,https://khh.travel/content/images/Attractions/37247/640x480_attractions-image-lw1ozhbzsumvispd741hxw.jpg,內門區
219,鳳山城隍廟,0.2,1,0.2,0.3,0.2,"廟宇,古蹟",22.62719766,120.359178,https://khh.travel/content/images/Attractions/18534/480x360_attractions-image-gwlrnkhfvkmko9ivoo6rca.jpg,鳳山區
220,旗津海水浴場,1,0.2,0.6,0.5,0.7,"海邊,玩水,衝浪",22.61018468,120.2669143,https://khh.travel/image/37539/1920x1080,旗津區
221,旗後礮臺,0.8,0.9,0.3,0.1,0.5,"古蹟,風景",22.61302884,120.264106,https://khh.travel/image/43409/1920x1080,旗津區
222,勞工公園,0.7,0.3,0.4,0.5,0.4,"風景,花市,夜市",22.60725757,120.3093144,https://photo.travelking.com.tw/scenery/5E910613-240F-4214-9FCF-28329C51F364_e.jpg,前鎮區
223,FLOMO富樂夢橡皮擦觀光工廠,0.1,0.5,0.8,0.2,0.3,"觀光工廠,親子,DIY",22.90339907,120.2313136,https://www.flomogroup.com/wp-content/uploads/2023/09/FLOMO%E5%AF%8C%E6%A8%82%E5%A4%A2%E8%A7%80%E5%85%89%E5%B7%A5%E5%BB%A0%E5%A4%96%E8%A7%80-scaled-e1694420635962.jpg,湖內區
224,台灣螺絲博物館,0.1,0.7,0.4,0.1,0.2,"產業,室內",22.80161803,120.2869163,https://khh.travel/image/850/1024x768,岡山區
225,航空教育展示館,0.2,0.8,0.7,0.2,0.3,"飛機,親子,室內",22.79415307,120.2690731,https://upload.wikimedia.org/wikipedia/commons/c/c1/2025%E5%B9%B4%E5%B2%A1%E5%B1%B1%E8%88%AA%E7%A9%BA%E6%95%99%E8%82%B2%E5%B1%95%E7%A4%BA%E9%A4%A8%E5%9C%92%E5%8D%80%E7%85%A721.jpg,岡山區
226,中芸漁港,0.7,0.4,0.4,0.8,0.3,"海邊,美食,觀舟",22.48160969,120.3988492,https://khh.travel/image/1515/1024x768,林園區
227,林園歷史教室,0.3,0.9,0.2,0.1,0.2,"古蹟,警察局",22.50504259,120.3945209,https://khh.travel/image/47519/1920x1080,林園區
228,二仁溪親水公園,0.9,0.2,0.2,0.1,0.5,"風景,生態",22.88903096,120.3300019,https://khh.travel/image/867/1024x768,阿蓮區
229,高雄市勞工博物館,0.1,0.9,0.3,0.1,0.2,"藝文,室內,文化",22.62717449,120.2898678,https://khh.travel/image/50438/1920x1080,前金區
230,高雄市二二八和平公園,0.7,0.8,0.2,0.1,0.3,"風景,紀念",22.62562066,120.2874696,https://khh.travel/image/1291/1024x768,鹽埕區
231,立德棒球場,0.5,0.4,0.6,0.4,0.5,"體育,看球",22.62938524,120.2889096,https://takao.kcg.gov.tw/public/article/a0/1720/atl_1720_20240523042214_204.jpg,前金區
232,城市光廊,0.6,0.5,0.5,0.6,0.3,"打卡點,咖啡,夜景",22.62303759,120.3000015,https://www.taiwan.net.tw/att/1/big_scenic_spots/pic_9277_1.jpg,前金區
233,林園海洋濕地公園,1,0.3,0.3,0.1,0.5,"風景,水母,生態",22.49143381,120.3864264,https://khh.travel/image/1601/1920x1080,林園區
234,MLD台鋁,0.2,0.7,0.9,0.9,0.3,"購物,美食,影城,書店",22.60383534,120.30288,https://cc.tvbs.com.tw/img/program/upload/2021/04/08/20210408130447-7824c0fb.jpg,前鎮區
235,旗津彩虹教堂,0.8,0.4,0.5,0.1,0.3,"打卡點,海邊",22.60232806,120.2734303,https://photo.settour.com.tw/900x600/https://www.settour.com.tw/ss_img/info/location/KHH/H0/KHH0000167/KHH0000167_89209.jpg,旗津區
236,馬玉山紅頂穀創,0.1,0.6,0.8,0.7,0.3,"觀光工廠,文創,DIY",22.67208909,120.3175013,https://img7.365shop.com.tw/store21/upload/2022Feb/jpg/20220220160626948_2.jpg,左營區
237,六龜大佛,0.8,1,0.3,0.1,0.4,"廟宇,風景,打卡點",23.0553704,120.6771214,https://takao.kcg.gov.tw/public/article/a0/995/atl_995_20230815134211_314.jpg,六龜區
238,美濃文創中心,0.3,0.9,0.6,0.4,0.3,"古蹟,文創,咖啡",22.89978,120.54223,https://khh.travel/image/21759/1920x1080,美濃區
239,SKM Park,0.2,0.4,1,0.9,0.6,"購物,樂園,美食",22.58259052,120.3293306,https://www.skmpark.com/WebFiles/20220831/20220831_5e96c22f4b4247b989dfdb860a400d27.jpg,前鎮區
240,八卦休閒公園,0.8,0.2,0.3,0.1,0.5,"風景,親子",22.69048547,120.3383614,https://www.tdri.org.tw/uploads/editor_image/image/5201/image_edb050.jpeg,仁武區
241,浦來溪頭社戰道,0.9,0.8,0.2,0.1,0.7,"古道,風景,登山",23.10642431,120.7014867,https://www.maolin-nsa.gov.tw/_api/content/images/attractions/57962/1024x768_attractions-image-sufm6cq0mueifchjwx5c0w.jpg,六龜區
242,老樹廣場,0.7,0.5,0.2,0.1,0.3,"風景,放鬆",23.1073523,120.6985337,https://khh.travel/image/8455/640x480,六龜區
243,高雄輕軌,0.5,0.4,0.6,0.3,0.3,"鐵道,風景,城市",22.58277672,120.3309112,https://takao.kcg.gov.tw/public/article/a0/1135/atl_1135_20231226134704_892.jpg,前鎮區
244,前鎮輪渡站,0.6,0.3,0.4,0.1,0.3,"鐵道,看船",22.58688506,120.3058263,https://orgws.kcg.gov.tw/Download.ashx?u=LzAwMS9LY2dPcmdVcGxvYWRGaWxlcy8zMTYvY2tmaWxlLzJiODBjMDU5LTM1ODItNDU4NC1iNGUyLTllOTVhNWVjMzUwNEAxMDI0eDc2OC5qcGc%3D&n=bWVzc2FnZUltYWdlXzE1NTI5NjI2NTA3MDMuanBn&Icon=.jpg,前鎮區
245,高鐵左營站,0.1,0.3,0.7,0.7,0.2,"鐵道,購物,美食",22.68734048,120.3073453,https://www.vrwalker.net/public/sceneryfiles/127/696.jpg,左營區
246,甲仙貓巷彩繪村,0.4,0.6,0.5,0.4,0.3,"打卡點,彩繪",23.08303525,120.5891435,https://khh.travel/image/50391/1920x1080,甲仙區
247,頂崁Q版神明彩繪村,0.4,0.7,0.4,0.2,0.3,"打卡點,彩繪,廟宇",23.06829921,120.5770168,https://khh.travel/image/50396/1920x1080,甲仙區
248,甲仙天壇,0.6,1,0.2,0.1,0.3,"廟宇,風景",23.05142302,120.5647088,https://religitrav.kcg.gov.tw/upload/religion_exh/58c2e217e44b.jpg,甲仙區
249,斗笠歷史,0.3,0.8,0.3,0.1,0.2,"文化,手工藝",22.76655839,120.2432316,https://takao.kcg.gov.tw/public/article/a0/490/atl_490_20231012135944_587.jpg,彌陀區
250,赤崁劉家古厝,0.3,0.9,0.1,0.1,0.2,古蹟,22.73741295,120.2466757,https://khh.travel/image/8461/640x480,梓官區
251,鹽田社區彩繪,0.4,0.6,0.4,0.1,0.3,"打卡點,彩繪",22.83403653,120.2096494,https://img3.okgo.tw/news/201606270909034311.jpg,永安區
252,永安蘇班長安心漁場,0.5,0.4,0.6,0.7,0.4,"體驗,美食,親子",22.83044577,120.2122951,https://img.rezio.io/size/786a668f-09b0-413d-814b-9648d0d19d27/fb167697-c101-439f-8c44-2072e9e014c0.png,永安區
253,茄萣膠筏協會,0.8,0.5,0.6,0.4,0.5,"遊船,生態,體驗",22.91520123,120.1821111,https://khh.travel/image/8464/1920x1080,茄萣區
254,金鑾宮,0.3,1,0.2,0.2,0.2,廟宇,22.89514001,120.183572,https://media.nownews.com/nn_media/thumbnail/2018/05/bdace0fd-1525685504-6891ce3292edd9bf3921bbc6e6da90c4-696x464.jpg,茄萣區
255,茄萣濕地,1,0.3,0.2,0.1,0.4,"生態,賞鳥",22.88337496,120.1976373,https://khh.travel/image/55653/1024x768,茄萣區
256,舊城傳統美食,0.2,0.8,0.3,1,0.2,"美食,小吃",22.68234119,120.2906851,https://img.inmap.tw/2024/08/20240805193619_0_cbb6e0.jpg,左營區
257,清水宮,0.6,1,0.2,0.1,0.3,"廟宇,風景",22.68413769,120.2996009,https://onemorestep11.adan.tw/wp-content/uploads/2019/10/DSC_1115.jpg,左營區
258,雙層巴士,0.6,0.5,0.7,0.1,0.3,"觀光,城市",22.68743954,120.3073966,https://kaohsiungsightseeing.com.tw/images/news/2.jpg,左營區
259,八五大樓,0.4,0.3,0.6,0.4,0.2,"地標,景觀",22.61169875,120.3001305,https://live.staticflickr.com/65535/5019564275_cf15d39d25_b.jpg,苓雅區
260,真愛碼頭,0.8,0.4,0.6,0.2,0.4,"風景,流行音樂中心",22.61850559,120.2897204,https://khh.travel/image/20010/1920x1080,前金區
261,明德新村,0.4,0.9,0.4,0.1,0.3,"眷村,古蹟",22.69407658,120.2867309,https://lov.vac.gov.tw/upload/upload/village/image/6c84c3cb-c7fc-4aaf-8d48-a1bd281ef774_1920_1080.jpg,左營區
262,旗山生活文化園區,0.3,0.9,0.5,0.2,0.3,"古蹟,藝文,親子",22.88994793,120.4807523,https://khh.travel/image/47511/1920x1080,旗山區
263,翠華路自行車天橋,0.6,0.2,0.3,0.1,0.6,"自行車,風景",22.67959489,120.2987702,https://khh.travel/image/8495/640x480,左營區
264,愛河自行車道,0.9,0.3,0.4,0.3,0.7,"自行車,風景",22.67875497,120.2970104,https://takao.kcg.gov.tw/public/article/a0/2025/atl_2025_20240523042346_373.jpg,前金區
265,翠屏里許厝,0.3,0.9,0.1,0.1,0.2,古蹟,22.72862117,120.3485124,https://khh.travel/image/17952/1024x768,大社區
266,白色戀人貨櫃屋,0.6,0.3,0.6,0.8,0.3,"打卡點,餐飲,河邊",22.62538299,120.2896382,https://khh.travel/image/37413/1920x1080,前金區
267,高雄流行音樂中心,0.7,0.8,0.8,0.4,0.4,"地標,藝文,夜景",22.61804998,120.2888979,https://khh.travel/image/34272/1920x1080,鹽埕區
268,黃埔新村,0.4,0.9,0.5,0.3,0.3,"眷村,文創,民宿",22.61788912,120.36409,https://khh.travel/image/37584/1920x1080,鳳山區
269,舊振南漢餅文化館,0.2,0.8,0.7,0.9,0.3,"觀光工廠,美食,糕點",22.62230431,120.3894012,https://khh.travel/image/1672/1024x768,大寮區
270,果貿社區,0.3,0.7,0.4,0.8,0.3,"打卡點,建築,美食",22.6702365,120.2879588,https://khh.travel/image/37565/1024x768,左營區
271,台灣鳳梨工場,0.3,0.9,0.6,0.7,0.3,"古蹟,鳳梨,觀光工廠",22.65768881,120.4208291,https://khh.travel/image/33646/1920x1080,大樹區
272,林園紅樹林生態區,1,0.3,0.2,0.1,0.4,"生態,風景",22.48770838,120.4165124,https://khh.travel/image/37275/1920x1080,林園區
273,林園安樂樓,0.3,0.9,0.4,0.1,0.2,"古蹟,廢墟風,打卡點",22.505616,120.3951345,https://khh.travel/image/37270/1920x1080,林園區
274,中寮山,1,0.2,0.3,0.1,0.7,"風景,夜景,登山",22.83009271,120.432435,https://khh.travel/image/37554/1920x1080,田寮區
275,南寮海岸光廊,0.9,0.3,0.5,0.4,0.4,"海邊,打卡點,親子",22.76092203,120.234311,https://khh.travel/image/37299/1920x1080,彌陀區
276,逍遙園,0.4,1,0.4,0.1,0.3,"古蹟,日式",22.63178314,120.3097128,https://data.boch.gov.tw/upload/representImageFile/2020-11-27/de2ed1a9-4484-4aba-b37e-1f404f50a48e/DJI_0037-14.jpg,新興區
277,西子灣觀景台,1,0.4,0.4,0.1,0.3,"風景,夕陽",22.61769446,120.265914,https://khh.travel/image/37404/1920x1080,鼓山區
278,舊打狗驛故事館,0.4,0.9,0.6,0.1,0.3,"古蹟,鐵道,親子",22.62170736,120.2754996,https://data.boch.gov.tw/upload/media/2021-01-28/430d8c14-f057-47a0-a186-c2f6cb7e189f/A7_00632-3-2%20%E5%A3%93%E7%B8%AE.jpg,鼓山區
279,哈瑪星貿易商大樓,0.2,0.9,0.6,0.6,0.3,"古蹟,文創,餐飲",22.62212436,120.2747923,https://khh.travel/image/37400/1920x1080,鼓山區
280,舊三和銀行,0.3,0.9,0.6,0.8,0.3,"古蹟,咖啡",22.62220667,120.2746865,https://khh.travel/image/37505/1920x1080,鼓山區
281,哈瑪星台灣鐵道館,0.2,0.8,0.7,0.1,0.3,"親子,模型,鐵道",22.62082707,120.2784482,https://khh.travel/image/37393/1024x768,鼓山區
282,旗津老街,0.5,0.6,0.7,1,0.4,"美食,老街,海鮮",22.61335244,120.2686341,https://khh.travel/image/37550/1920x1080,旗津區
283,旗津黃金海韻－海珍珠,0.8,0.4,0.5,0.1,0.3,"打卡點,海邊",22.59940399,120.2757144,https://khh.travel/image/37532/1920x1080,旗津區
284,HOLO Park映像鹽埕,0.2,0.7,0.9,0.6,0.3,"娛樂,復古,電影",22.6151,120.28627,https://khh.travel/image/37526/1920x1080,鼓山區
285,綠園道彩繪,0.6,0.6,0.4,0.2,0.5,"打卡點,散步",22.67396,120.29357,https://khh.travel/image/37685/480x360,左營區
286,i-Ride KAOHSIUNG,0.1,0.5,1,0.2,0.2,"娛樂,飛行,室內",22.60479195,120.2990487,https://image.kkday.com/v2/image/get/c_fit%2Cq_55%2Ct_webp%2Cw_960/s1.kkday.com/product_29872/20221009085535_cgcr0/jpg,前鎮區
287,寶來花賞溫泉公園,0.9,0.4,0.7,0.4,0.5,"溫泉,賞花,露營",23.10741385,120.7034667,https://khh.travel/image/18338/1920x1080,六龜區
288,金獅湖蝴蝶園,0.9,0.4,0.5,0.1,0.4,"生態,親子,蝴蝶",22.66620144,120.3288563,https://takao.kcg.gov.tw/public/article/a0/3438/atl_3438_20240830111924_355.jpg,三民區
289,崗山之眼,0.9,0.3,0.6,0.3,0.5,"風景,天空步道",22.81194749,120.3343512,https://khh.travel/image/20191/1024x768,岡山區
290,棧貳庫,0.5,0.7,0.9,0.9,0.4,"文創,購物,美食,旋轉木馬",22.61864664,120.2777928,"https://static.wixstatic.com/media/60043f_3b9e867654404623847eeeea73f1d257~mv2.jpg/v1/fit/w_2500,h_1330,al_c/60043f_3b9e867654404623847eeeea73f1d257~mv2.jpg",鼓山區
291,志斌豆瓣醬故事館,0.2,0.7,0.6,0.8,0.2,"文化,美食,產業",22.80725673,120.3216748,https://khh.travel/image/1715/1024x768,岡山區
292,泮咖啡,0.7,0.3,0.5,0.9,0.2,"餐飲,湖景",22.68451053,120.2947038,https://khh.travel/image/42726/1920x1080,左營區
293,永浴愛河,0.6,0.3,0.5,0.7,0.2,"咖啡,河景",22.62425667,120.2900838,https://khh.travel/image/1729/1920x1080,前金區
294,城市光廊J Cafe,0.6,0.3,0.5,0.9,0.2,"咖啡,音樂",22.62332554,120.2991611,https://dynamic-media-cdn.tripadvisor.com/media/photo-o/12/c9/bd/a5/jcafe.jpg?w=900&h=500&s=1,前金區
295,旗津沙灘吧,0.9,0.2,0.7,0.9,0.3,"海邊,酒吧,放鬆",22.61014145,120.2676332,https://khh.travel/image/37314/1920x1080,旗津區
296,東華皮影戲,0.2,0.9,0.4,0.1,0.2,"藝文,文化",22.73117692,120.3428129,https://www.merit-times.com.tw/news_pic/20220527/C20220526215016496.jpg,大社區
297,觀音里酒沽井,0.2,0.8,0.1,0.1,0.2,古蹟,22.72782,120.34886,https://khh.travel/image/1740/480x360,大社區
298,舉人石與舉人轎,0.2,0.8,0.1,0.1,0.2,古蹟,22.72745,120.35476,https://khh.travel/image/1741/1024x768,大社區
299,高雄路竹天后宮,0.2,1,0.2,0.2,0.2,廟宇,22.86639227,120.2547639,https://khh.travel/image/43390/1920x1080,路竹區
300,尋找公共藝術,0.4,0.8,0.3,0.1,0.4,"藝文,散步",22.83081,120.25604,https://www.bluedragonart.com.tw/wp-content/uploads/2014/12/%E7%A9%BA%E9%96%93%E8%A8%98%E6%86%B6-959x719.jpg,路竹區
301,新威景觀大橋,0.8,0.3,0.3,0.1,0.4,"風景,蝴蝶造型",22.89151483,120.6381104,https://orgws.kcg.gov.tw/Download.ashx?u=LzAwMS9LY2dPcmdVcGxvYWRGaWxlcy8zMjQvY2tmaWxlL2NmYmMxMzEyLTJmNDQtNDhhMC04MDlmLWQxMWRmNGY4YTYwNUAxMDI0eDc2OC5qcGc%3D&n=MS5qcGc%3D&Icon=.jpg,六龜區
302,桃源區原住民文化館,0.5,0.9,0.3,0.1,0.3,"文化,原住民",23.1592203,120.7662832,https://www.maolin-nsa.gov.tw/_api/content/images/attractions/2810/1024x768_11005703.jpg,桃源區
303,拉阿魯哇文化祭場,0.6,1,0.2,0.1,0.3,"文化,原住民,祭典",23.16671621,120.7675261,https://d1b8dyiuti31bx.cloudfront.net/NewsPhotos/20250303/217_085752031379.jpg,桃源區
304,藤枝櫻花原生茶園,1,0.3,0.2,0.7,0.5,"風景,櫻花,茶",23.06039875,120.7362271,https://img.ltn.com.tw/Upload/playing/page/2016/02/02/160202-4572-7-tECUD.jpg,桃源區
305,寶山二集團櫻花公園,1,0.3,0.4,0.3,0.5,"風景,櫻花",23.059363,120.7309866,https://takao.kcg.gov.tw/public/article/a0/3519/atl_3519_20250203104131_921.jpg,桃源區
306,寶山假日市集,0.7,0.6,0.5,0.8,0.4,"市集,原住民,美食",23.05918743,120.7317071,https://khh.travel/image/1773/480x360,桃源區
307,寶山茶園步道風光,1,0.3,0.2,0.4,0.7,"風景,步道,茶園",23.00694,120.65838,https://khh.travel/image/22196/1024x768,桃源區
308,索阿紀吊橋,0.8,0.3,0.2,0.1,0.5,"風景,吊橋",23.13082141,120.7255285,https://khh.travel/image/55779/1920x1080,桃源區
309,瓦阿係吊橋,0.8,0.3,0.2,0.1,0.5,"風景,吊橋",23.21680336,120.8035982,https://khh.travel/image/1782/1024x768,桃源區
310,馬舒霍爾文化聚落所,0.6,0.9,0.3,0.3,0.4,"文化,原住民",23.27343465,120.8256412,https://khh.travel/content/images/Attractions/21515/480x360_attractions-image-iwaokmfhhuohpq-cyzg0va.jpg,桃源區
311,衛武迷迷村,0.3,0.8,0.6,0.2,0.4,"彩繪,打卡點,散步",22.6271602,120.3439337,https://khh.travel/image/37346/1920x1080,苓雅區
312,南華商圈,0.1,0.4,0.8,0.9,0.3,"購物,夜市",22.63114995,120.3028973,https://khh.travel/image/1795/1024x768,新興區
313,新堀江商圈,0.1,0.3,0.9,0.8,0.4,"購物,潮流,美食",22.62326092,120.3019015,https://cc.tvbs.com.tw/img/program/_data/i/upload/2024/07/15/20240715160018-4594a56f-la.jpg,新興區
314,大湖番茄會社,0.6,0.9,0.4,0.1,0.3,"古蹟,鳳凰花,廢墟風",22.88950741,120.2424468,https://khh.travel/image/50466/1920x1080,湖內區
315,葫蘆雕刻藝術館,0.2,0.9,0.4,0.1,0.2,"藝文,手工藝",22.96941,120.54161,https://gcik002.so-buy.com/ezfiles/342/1342/pictures/691/adlarge78874_600.jpg,杉林區
316,杉林大橋,0.8,0.2,0.2,0.1,0.3,"風景,鐵道",22.99076,120.55088,https://khh.travel/image/50412/480x360,杉林區
317,黃家伙房,0.3,0.9,0.1,0.1,0.2,"古蹟,客家",22.96041384,120.5321389,https://khh.travel/image/50407/1920x1080,杉林區
318,永安宮,0.3,1,0.2,0.2,0.2,廟宇,22.81824204,120.2249152,https://orgws.kcg.gov.tw/001/KcgOrgUploadFiles/281/relpic/16389/56155/8b7636cc-05db-4b69-bdb9-c594e91bb448.jpg,永安區
319,天文宮,0.3,1,0.2,0.2,0.2,廟宇,22.81280569,120.2402298,https://khh.travel/image/1821/1024x768,永安區
320,文興宮,0.3,1,0.2,0.2,0.2,廟宇,22.80460185,120.2464142,https://crgis.rchss.sinica.edu.tw/temples/KaohsiungCity/yungan/1216006-WXG/copy9_of_copy8_of_copy7_of_copy6_of_copy5_of_copy4_of_copy3_of_copy2_of_copy_of_.jpg/@@images/eab51c2d-1ae2-40a5-8b24-954df1010ee6.jpeg,永安區
321,鑽石沙灣海岸,1,0.2,0.5,0.1,0.5,"海邊,廢棄物藝術",22.82133186,120.2075585,https://khh.travel/image/55736/1920x1080,永安區
322,永新灣,0.9,0.3,0.4,0.1,0.4,"海邊,風景",22.81514336,120.2100025,https://orgws.kcg.gov.tw/001/KcgOrgUploadFiles/281/relpic/16389/54503/d841a2b7-d9e4-4971-b6fb-e666129831b2.jpg,永安區
323,烏林投步道,0.9,0.2,0.1,0.1,0.7,"海邊,步道",22.84052245,120.2008497,https://khh.travel/image/1844/480x360,永安區
324,維新彩繪村,0.4,0.6,0.4,0.1,0.3,"彩繪,打卡點",22.80603116,120.2454338,https://khh.travel/image/1849/1920x1080,永安區
325,永安濕地,1,0.3,0.2,0.1,0.5,"生態,賞鳥",22.83584649,120.2115137,https://orgws.kcg.gov.tw/001/KcgOrgUploadFiles/281/relpic/16389/54628/9be11515-33a9-44d7-b5f2-38fbe1d99fbc.jpg,永安區
326,見城之道,0.6,0.9,0.3,0.1,0.6,"古蹟,步道,歷史",22.67775501,120.2923653,https://takao.kcg.gov.tw/public/article/a0/1007/atl_1007_20230811110227_698.jpg,左營區
327,中央公園,0.8,0.4,0.5,0.2,0.5,"風景,散步,商圈",22.62473709,120.2994553,https://khh.travel/image/43432/1920x1080,新興區
328,再見捌捌陸,0.4,1,0.5,0.1,0.3,"眷村,古蹟,文化",22.69268559,120.2890698,https://cdn-smiletaiwan.cw.com.tw/article/202307/article-64c0b90cc6352.jpg,左營區
329,芒果咖秋,0.2,0.8,0.5,0.9,0.2,"咖啡,藝文,孔廟",22.68932653,120.298786,https://khh.travel/image/1880/1024x768,左營區
330,左營舊城車站,0.3,0.8,0.3,0.1,0.2,"鐵道,歷史",22.67444909,120.294005,https://tcmbdata.culture.tw/api/collection/image/Culture_Place?uid=246896,左營區
331,內惟車站,0.3,0.7,0.4,0.1,0.2,"鐵道,設計",22.66595403,120.2870072,https://khh.travel/image/1921/1920x1080,鼓山區
332,美術館車站,0.3,0.7,0.4,0.1,0.2,"鐵道,設計",22.6521062,120.2815262,https://khh.travel/image/1923/1920x1080,鼓山區
333,民族車站,0.2,0.5,0.2,0.1,0.2,鐵道,22.63876933,120.3148533,https://www.rb.gov.tw/public/upimgs/D04/%E6%B0%91%E6%97%8F%E7%AB%99.jpg,三民區
334,科工館車站,0.2,0.5,0.2,0.1,0.2,鐵道,22.63712672,120.3260047,https://khh.travel/image/1934/480x360,三民區
335,正義車站,0.2,0.5,0.2,0.1,0.2,鐵道,22.6342146,120.3427508,https://khh.travel/image/1937/1920x1080,苓雅區
336,鳳山車站,0.2,0.6,0.3,0.2,0.2,"鐵道,建築",22.63149987,120.3571043,https://khh.travel/image/55893/1920x1080,鳳山區
337,高雄車站,0.2,0.6,0.3,0.2,0.2,"鐵道,建築",22.63949378,120.3025809,https://upload.wikimedia.org/wikipedia/commons/9/95/%E9%AB%98%E9%9B%84%E8%BB%8A%E7%AB%99-%E5%BB%A3%E5%A0%B4-20250131.jpeg,三民區
338,鼓山車站,0.2,0.6,0.3,0.1,0.2,"鐵道,歷史",22.64180104,120.2806796,https://khh.travel/image/1950/1920x1080,鼓山區
339,三塊厝舊站,0.3,0.9,0.4,0.1,0.3,"古蹟,木造車站",22.63895218,120.2938244,https://khh.travel/image/1952/1920x1080,三民區
340,吉林夜市,0.1,0.2,0.5,1,0.3,"夜市,美食",22.64413315,120.3063333,https://khh.travel/image/50221/480x360,三民區
341,金馬賓館當代美術館,0.3,0.9,0.6,0.6,0.2,"美術館,古蹟,餐飲",22.62760119,120.2788491,https://takao.kcg.gov.tw/public/article/a0/3430/atl_3430_20240828100536_584.jpg,鼓山區
342,宏裕行花枝丸館,0.1,0.5,0.7,0.9,0.3,"觀光工廠,美食",22.57743125,120.3155363,https://khh.travel/image/19717/1024x768,前鎮區
343,市境之南樹,0.7,0.4,0.3,0.1,0.3,"打卡點,風景",22.47586737,120.4146947,https://khh.travel/image/39180/1024x768,林園區
344,壽天宮,0.3,1,0.2,0.3,0.2,"廟宇,媽祖",22.79816447,120.2911187,https://khh.travel/image/962/1024x768,岡山區
345,尾寮山登山步道,1,0.2,0.1,0.1,0.9,"登山,戶外運動",22.86562488,120.6525697,https://recreation.forest.gov.tw/Files/RT/Photo/131/05/131.jpg,三地門鄉
346,布農文化展示中心,0.5,0.9,0.3,0.1,0.2,"文化,原住民",23.26339105,120.8259608,https://www.maolin-nsa.gov.tw/_api/content/images/attractions/2804/1024x768_11005698.jpg,桃源區
347,桃源區原住民文物館,0.5,0.9,0.3,0.1,0.2,"文化,原住民",23.1592203,120.7662832,https://khh.travel/image/22197/1920x1080/,桃源區
348,神威天臺山,0.8,1,0.3,0.1,0.5,"廟宇,風景,宏偉",22.89105096,120.6161228,https://www.maolin-nsa.gov.tw/_api/content/images/attractions/44731/1024x768_attractions-image-htq4mupupkm2rtpvalc2iw.jpg,六龜區
349,竹林休閒農業區,0.9,0.4,0.4,0.5,0.5,"農場,賞花,體驗",23.103709,120.732365,https://www.maolin-nsa.gov.tw/_api/Image/2931/?r=1733292151450,六龜區
350,龜王岩,0.8,0.5,0.2,0.1,0.4,"風景,奇岩",22.99321416,120.6394163,https://www.17itaiwan.tw/News/upload/2013-11-23_05(1).jpg,六龜區
351,東溪大橋,0.8,0.3,0.2,0.1,0.3,風景,23.00746045,120.6541203,https://orgws.kcg.gov.tw/Download.ashx?u=LzAwMS9LY2dPcmdVcGxvYWRGaWxlcy8zMjQvY2tmaWxlLzk5ZjJmODczLTJiOWMtNDU4Mi1iY2M1LWExNTFkMjgxYmNjN0AxMDI0eDc2OC5wbmc%3D&n=5ZyW54mHMS5wbmc%3D&Icon=.png,六龜區
352,茂林入口意象公園,0.7,0.5,0.3,0.1,0.3,"風景,打卡點",22.880515,120.6499559,https://theme.maolin-nsa.gov.tw/butterfly/images/viewpoint/img1-9.jpg,茂林區
353,茂林遊客中心,0.6,0.4,0.3,0.2,0.2,旅遊服務,22.88584183,120.6633687,https://www.maolin-nsa.gov.tw/_api/content/images/attractions/57705/1024x768_attractions-image-tb9imktnyuiukbxulh2lba.jpg,茂林區
354,茂林紫蝶生態公園,1,0.4,0.3,0.1,0.6,"生態,蝴蝶",22.88765721,120.6631485,https://www.maolin-nsa.gov.tw/_api/content/images/attractions/3033/1024x768_attractions-image-h-nz_cwlekkn4ys79a6vcg.jpg,茂林區
355,羅木斯溪步道,1,0.2,0.2,0.1,0.8,"步道,玩水,瀑布",22.89138787,120.6735924,https://cdntwrunning.biji.co/800_e2e46dfe25c70162748b0ea51148be3a.png,茂林區
356,蛇頭山,1,0.2,0.1,0.1,0.7,"風景,地質",22.90737825,120.6953734,https://www.maolin-nsa.gov.tw/_api/content/images/attractions/34533/1024x768_attractions-image-j4hizchpveunug-6dolvjg.jpg,茂林區
357,龍頭山遊憩區,1,0.3,0.3,0.1,0.7,"風景,步道,小長城",22.90954034,120.6894661,https://www.maolin-nsa.gov.tw/_api/Image/56262/?r=1725444800729,茂林區
358,多納石板屋,0.4,0.9,0.3,0.3,0.4,"文化,建築,原住民",22.91088692,120.7159704,https://www.maolin-nsa.gov.tw/_api/Image/3064/?r=1733293965483,茂林區
359,姿沙里沙里步道,0.9,0.3,0.2,0.1,0.7,"步道,風景",22.88863823,120.6644233,https://www.maolin-nsa.gov.tw/_api/content/images/attractions/3077/1024x768_11005865.jpg,茂林區
360,茂林環境教育中心,0.8,0.7,0.3,0.1,0.4,"生態,教育",22.88626,120.663343,https://www.maolin-nsa.gov.tw/_api/content/images/attractions/3050/1024x768_attractions-image-vq2t95x-q0knzgjywbx9dg.jpg,茂林區
361,萬山部落,0.8,0.9,0.3,0.2,0.5,"文化,原住民,岩雕",22.90825,120.68092,https://www.maolin-nsa.gov.tw/_api/Image/56441/?r=1726366330612,茂林區
362,新威遊客中心,0.7,0.4,0.3,0.2,0.3,旅遊服務,22.8909024,120.6232353,https://www.maolin-nsa.gov.tw/_api/content/images/attractions/3088/1024x768_11005876.jpg,六龜區
363,不老步道,0.9,0.2,0.2,0.1,0.7,"步道,健行",23.06704155,120.6842342,https://www.maolin-nsa.gov.tw/_api/Image/55285/?r=1729575772288,六龜區
364,十八羅漢山遊憩區,1,0.3,0.3,0.2,0.6,"風景,地質,休息站",22.950076,120.641848,https://www.maolin-nsa.gov.tw/_api/content/images/attractions/2982/1024x768_11005810.jpg,六龜區
365,水圳恩公祠,0.6,0.9,0.2,0.1,0.3,"古蹟,故事",22.89692639,120.625978,https://www.maolin-nsa.gov.tw/_api/Image/2970/?r=1729835603394,六龜區
366,六龜隧道,0.5,0.8,0.2,0.1,0.4,"古蹟,探險",22.94963,120.64138,https://www.justitravel.com/images/blog/9c318633e4c1747ff2d95c6c5d80332a.jpg,六龜區
367,彩虹山大佛,0.8,1,0.3,0.1,0.4,"廟宇,風景,打卡點",23.0553704,120.6771214,https://khh.travel/Image/37576/?r=1642746057120,六龜區
368,南橫天池,1,0.2,0.1,0.1,0.8,"風景,登山,高山",23.27767233,120.9149098,https://www.maolin-nsa.gov.tw/_api/Image/2827/?r=1733285203546,桃源區
369,池田屋,0.3,0.9,0.2,0.1,0.2,"古蹟,客運站",22.99784687,120.6345541,https://www.maolin-nsa.gov.tw/_api/Image/2991/?r=1733292292667,六龜區
370,寶來花賞公園,0.9,0.3,0.6,0.2,0.5,"溫泉,賞花,露營",23.10741385,120.7034667,https://khh.travel/image/37632/1024x768,六龜區
371,檨仔腳文化共享空間,0.5,0.8,0.4,0.4,0.4,"文創,體驗,窯烤",23.10571884,120.6942382,https://tluxe-aws.hmgcdn.com/public/article/2017/atl_20200430154227_728.jpg,六龜區
372,小長城步道,1,0.3,0.3,0.1,0.7,"步道,風景,龍頭山",22.91266612,120.6920856,https://www.maolin-nsa.gov.tw/_api/Image/55322/?r=1733294488992,茂林區
